Workbook

Sheet t_sys_model
A1: 1
A2: id | B2: c_base_model_id | D2: c_base_prefab_id | E2: c_pairints_body_parts | F2: c_base_anim_group_id | G2: c_base_anim_fbx_path
E3: varchar(255) | G3: varchar(255)
A4: model表[时装]
A5: 主键 | B5: 模型编号 | C5: 模型说明 | D5: 没有部件的主预制体id | E5: (部位id,身体id;部位id,身体id) 部位类型(0-骨骼，1-武器，2-右手武器，3-头，4-胸，5-手，6-脚，更多） | F5: 动画组 | G5: fbx路径(动画组中包含全部动作)
A6: 1 | B6: 10001 | D6: 1 | E6: 0,1 | F6: -1
A7: 2 | B7: 10002 | D7: 2 | E7: 0,2 | F7: 1000 | G7: Role/RoleSources/cike/zj_cike
A8: 3 | B8: 101 | C8: 石器时代蓝色普通棋子 | D8: 101
A9: 4 | B9: 102 | C9: 石器时代绿色普通棋子 | D9: 102
A10: 5 | B10: 103 | C10: 石器时代红色普通棋子 | D10: 103
A11: 6 | B11: 104 | C11: 石器时代金色普通棋子 | D11: 104
A12: 7 | B12: 105 | C12: 石器时代紫色普通棋子 | D12: 105
A13: 8 | B13: 111 | C13: 青铜时代蓝色普通棋子 | D13: 111
A14: 9 | B14: 112 | C14: 青铜时代绿色普通棋子 | D14: 112
A15: 10 | B15: 113 | C15: 青铜时代红色普通棋子 | D15: 113
A16: 11 | B16: 114 | C16: 青铜时代金色普通棋子 | D16: 114
A17: 12 | B17: 115 | C17: 青铜时代紫色普通棋子 | D17: 115
A18: 13 | B18: 121 | C18: 封建时代蓝色普通棋子 | D18: 121
A19: 14 | B19: 122 | C19: 封建时代绿色普通棋子 | D19: 122
... A157: 152 | B157: 1510 | C157: 现代紫色城墙 | D157: 1510

Sheet t_sys_model说明表
A1: 1
A2: id | B2: c_base_model_id | D2: c_base_prefab_id | E2: c_pairints_body_parts | F2: c_base_anim_group_id | G2: c_base_anim_fbx_path
E3: varchar(255) | G3: varchar(255)
A4: model表[时装]
A5: 主键 | B5: 模型编号 | C5: 模型说明 | D5: 没有部件的主预制体id | E5: (部位id,身体id;部位id,身体id) 部位类型(0-骨骼，1-武器，2-右手武器，3-头，4-胸，5-手，6-脚，更多） | F5: 动画组 | G5: fbx路径(动画组中包含全部动作)
A6: 1 | B6: 10001 | D6: 1 | E6: 0,1 | F6: -1
A7: 2 | B7: 10002 | D7: 2 | E7: 0,2 | F7: 1000 | G7: Role/RoleSources/cike/zj_cike
A8: 3 | B8: 101 | C8: =VLOOKUP(B8,[1]t_cheese_s说明表!$L$6:$AG$155,22,0) -> 石器时代蓝色普通棋子 | D8: =B8 -> 101
A9: 4 | B9: 102 | C9: =VLOOKUP(B9,[1]t_cheese_s说明表!$L$6:$AG$155,22,0) -> 石器时代绿色普通棋子 | D9: =B9 -> 102
A10: 5 | B10: 103 | C10: =VLOOKUP(B10,[1]t_cheese_s说明表!$L$6:$AG$155,22,0) -> 石器时代红色普通棋子 | D10: =B10 -> 103
A11: 6 | B11: 104 | C11: =VLOOKUP(B11,[1]t_cheese_s说明表!$L$6:$AG$155,22,0) -> 石器时代金色普通棋子 | D11: =B11 -> 104
A12: 7 | B12: 105 | C12: =VLOOKUP(B12,[1]t_cheese_s说明表!$L$6:$AG$155,22,0) -> 石器时代紫色普通棋子 | D12: =B12 -> 105
A13: 8 | B13: 111 | C13: =VLOOKUP(B13,[1]t_cheese_s说明表!$L$6:$AG$155,22,0) -> 青铜时代蓝色普通棋子 | D13: =B13 -> 111
A14: 9 | B14: 112 | C14: =VLOOKUP(B14,[1]t_cheese_s说明表!$L$6:$AG$155,22,0) -> 青铜时代绿色普通棋子 | D14: =B14 -> 112
A15: 10 | B15: 113 | C15: =VLOOKUP(B15,[1]t_cheese_s说明表!$L$6:$AG$155,22,0) -> 青铜时代红色普通棋子 | D15: =B15 -> 113
A16: 11 | B16: 114 | C16: =VLOOKUP(B16,[1]t_cheese_s说明表!$L$6:$AG$155,22,0) -> 青铜时代金色普通棋子 | D16: =B16 -> 114
A17: 12 | B17: 115 | C17: =VLOOKUP(B17,[1]t_cheese_s说明表!$L$6:$AG$155,22,0) -> 青铜时代紫色普通棋子 | D17: =B17 -> 115
A18: 13 | B18: 121 | C18: =VLOOKUP(B18,[1]t_cheese_s说明表!$L$6:$AG$155,22,0) -> 封建时代蓝色普通棋子 | D18: =B18 -> 121
A19: 14 | B19: 122 | C19: =VLOOKUP(B19,[1]t_cheese_s说明表!$L$6:$AG$155,22,0) -> 封建时代绿色普通棋子 | D19: =B19 -> 122
... A157: 152 | B157: 1510 | C157: =VLOOKUP(B157,[1]t_cheese_s说明表!$L$6:$AG$155,22,0) -> 现代紫色城墙 | D157: =B157 -> 1510

Sheet Sheet1
